Lab_id,supplier_id,Generic Name,Description,Unit of  Issue
1,1,0.1-10ul natural pipette tips-Pack of 500,0.1-10ul natural pipette tips-Pack of 500,PACK
1,1,0.1-10ul sterileaerosol pipette tips-Pack of 50,0.1-10ul sterileaerosol pipette tips-Pack of 50,PACK
1,1,0.1ml Micro Amp Fast 96 Well Reaction Plate,0.1ml Micro Amp Fast 96 Well Reaction Plate,EACH
1,1,0.1ul -2.5ul Eppendorf,0.1ul -2.5ul Eppendorf,EACH
1,1,0.20ul non sterile prefilters-Pack of 50,0.20ul non sterile prefilters-Pack of 50,PACK
1,1,0.22um filter flasks (1000ml) pack of 12,0.22um filter flasks (1000ml) pack of 12,PACK
1,1,0.2ml 8 strip wall tubes-Pack of 50,0.2ml 8 strip wall tubes-Pack of 50,PACK
1,1,0.2ml Flat cap pcr tube-Pack of 500,0.2ml Flat cap pcr tube-Pack of 500,PACK
1,1,0.2ml MicroAmp  R ...TUBE,0.2ml MicroAmp  R ...TUBE,PACK
1,1,0.2ML PCR Tube,0.2ML PCR Tube,EACH
1,1,0.5ML DNA Lobind tube,0.5ML DNA Lobind tube,EACH
1,1,0.5ml Micro Bank,0.5ml Micro Bank,EACH
1,1,0.5ml PCR Tubes,0.5ml PCR Tubes,EACH
1,1,0.5ml Reaction Tube,0.5ml Reaction Tube,PACK
1,1,0.5ml ribbed skirted tubes,0.5ml ribbed skirted tubes,PACK
1,1,0.5ml Screw tube,0.5ml Screw tube,EACH
1,1,0.5mls dna tubes-Pack of 500,0.5mls dna tubes-Pack of 500,PACK
1,1,02ml thin walled tubes,02ml thin walled tubes,PACK
1,1,1.1ml Falcon Tubes (Pack of 25),1.1ml Falcon Tubes (Pack of 25),PACK
1,1,1.5ML DNA Lobind tube,1.5ML DNA Lobind tube,PACK
1,1,1.5ml Eppendolf tubes,1.5ml Eppendolf tubes,EACH
1,1,1000 Filter Unit (Bottle of 1000ml),1000 Filter Unit (Bottle of 1000ml),EACH
1,1,1000ul Pipette tips,1000ul Pipette tips,BOX
1,1,1000ul Sterile Tips - Box of 950,1000ul Sterile Tips - Box of 950,BOX
1,1,10-20ul Graduated tips,10-20ul Graduated tips,PACK
1,1,10ul Channel Pipette,10ul Channel Pipette,PACK
1,1,10ul Graduated Filter Tips -Box of 960,10ul Graduated Filter Tips -Box of 960,BOX
1,1,10ul Innoculation Loops - (300 bags of 10 pc),10ul Innoculation Loops - (300 bags of 10 pc),BOX
1,1,10ul-20ul Graduated Filter Tips -Box of 960,10ul-20ul Graduated Filter Tips -Box of 960,BOX
1,1,1200ml Pipettes - pack of 768,1200ml Pipettes - pack of 768,PACK
1,1,120-100w500ml filter unit 0.22um,120-100w500ml filter unit 0.22um,PACK
1,1,1250ul Filter Tips (box of 960),1250ul Filter Tips (box of 960),BOX
1,1,125ml Reference fill Solution,125ml Reference fill Solution,Bottle
1,1,12-Strip PCR Caps Flat,12-Strip PCR Caps Flat,EACH
1,1,12x75 Tube,12x75 Tube,PACK
1,1,150- sensitest agar,150- sensitest agar,EACH
1,1,175cm FLASK,175cm FLASK,EACH
1,1,18g Needles - Pack of 100,18g Needles - Pack of 100,PACK
1,1,1ML Dip Well Plate ,1ML Dip Well Plate ,EACH
1,1,1ul Disposable loop,1ul Disposable loop,EACH
1,1,1ul Graduated sterile pastette,1ul Graduated sterile pastette,PACK
1,1,1ul Innoculation Loop - 1 ul (600 pc),1ul Innoculation Loop - 1 ul (600 pc),BOX
1,1,1ul laboratory loop,1ul laboratory loop,BOX
1,1,200ml Bottle,200ml Bottle,EACH
1,1,20g ButterflyNeedles - Pack of 50,20g ButterflyNeedles - Pack of 50,PACK
1,1,20ul Graduated Filter Tips - Box of 960,20ul Graduated Filter Tips - Box of 960,BOX
1,1,24 IV Catheter,24 IV Catheter,PACK
1,1,24 Well Culture Plate ,24 Well Culture Plate ,EACH
1,1,24 Well multi dish,24 Well multi dish,EACH
1,1,24 Well Plate with Lid,24 Well Plate with Lid,EACH
1,1,24G IV Catheter,24G IV Catheter,PACK
1,1,24G IV Catheter,24G IV Catheter,PACK
1,1,25 mls Innoulum Water,25 mls Innoulum Water,Bottle
1,1,250ml filter unit,250ml filter unit,PACK
1,1,250ml Funnel Vac,250ml Funnel Vac,EACH
1,1,250ml Glass Bottle,250ml Glass Bottle,TIN
1,1,250mls Tube Top Filters - Box of 12,250mls Tube Top Filters - Box of 12,EACH
1,1,25cm Cell Cuture bottles,25cm Cell Cuture bottles,EACH
1,1,27 ml Blue top collection tube,27 ml Blue top collection tube,Bottle
1,1,3 mls Innoculum Water,3 mls Innoculum Water,Bottle
1,1,3% Inhalation Solution,3% Inhalation Solution,PACK
1,1,384 Well Culture Plate,384 Well Culture Plate,EACH
1,1,3M Disposable Overalls-Large Pack/20,3M Disposable Overalls-Large Pack/20,PACK
1,1,3M Disposable Overralls Medium -pack of 20,3M Disposable Overralls Medium -pack of 20,PACK
1,1,48 Well Culture Plate,48 Well Culture Plate,EACH
1,1,48 Well Multi Dish - pack of 960,48 Well Multi Dish - pack of 960,PACK
1,1,50 Place Wire Rack,50 Place Wire Rack,EACH
1,1,500 ml Molecular Grade Ethanol ,500 ml Molecular Grade Ethanol ,Bottle
1,1,500ml Bottle,500ml Bottle,EACH
1,1,500ml Filter Unit,500ml Filter Unit,BOX
1,1,500ml Funnel Vac,500ml Funnel Vac,EACH
1,1,5ml Blood Collection Tube - 5ml Bottle,5ml Blood Collection Tube - 5ml Bottle,Bottle
1,1,5ml Polyproylene,5ml Polyproylene,Bottle
1,1,6% Inhalation Solution,6% Inhalation Solution,PACK
1,1,6ml RNA Stabilisation Solution - Pack of 50,6ml RNA Stabilisation Solution - Pack of 50,PACK
1,1,7ml Vials-aluminium cap,7ml Vials-aluminium cap,EACH
1,1,8 mls Round Tube,8 mls Round Tube,EACH
1,1,8 Well Culture Slide,8 Well Culture Slide,EACH
1,1,8 Well Wire Rack,8 Well Wire Rack,EACH
1,1,8-Rod covers,8-Rod covers,EACH
1,1,8-Strip PCR Caps-Pack of 50,8-Strip PCR Caps-Pack of 50,PACK
1,1,96 Combi tips for magnits,96 Combi tips for magnits,EACH
1,1,96 DIp Well Plates - ELISA,96 DIp Well Plates - ELISA,BOX
1,1,96 PCR Combi TIPS ,96 PCR Combi TIPS ,EACH
1,1,96 Plate 200ul,96 Plate 200ul,EACH
1,1,96 Well ASSY Plate,96 Well ASSY Plate,PACK
1,1,96 Well Culture Plate,96 Well Culture Plate,PACK
1,1,96 Well Filtration Systems (Pack of 10),96 Well Filtration Systems (Pack of 10),PACK
1,1,96 Well Immuno Plate,96 Well Immuno Plate,EACH
1,1,96 Well Micro plate,96 Well Micro plate,EACH
1,1,96 Well Non-skirted 0.2ml (Pack of 25),96 Well Non-skirted 0.2ml (Pack of 25),PACK
1,1,96 Well Optical Reaction Plate,96 Well Optical Reaction Plate,EACH
1,1,96 well PCR Plate (Pack of 10),96 well PCR Plate (Pack of 10),PACK
1,1,96 well PCR plate-Pack of 100,96 well PCR plate-Pack of 100,PACK
1,1,96 Well Plates (Round Bottom) - Corning Costar,96 Well Plates (Round Bottom) - Corning Costar,EACH
1,1,96 Well Resersible Rack,96 Well Resersible Rack,EACH
1,1,96-Well Elisa LIDS,96-Well Elisa LIDS,BOX
1,1,Abbott 96 Well Optical Reaction Plate (Pkt 20),Abbott 96 Well Optical Reaction Plate (Pkt 20),PACK
1,1,Absolute Counting BEDS,Absolute Counting BEDS,EACH
1,1,Acetone,Acetone,Bottle
1,1,ACID Alcohol Solution,ACID Alcohol Solution,EACH
1,1,ACT 5 diff Diluent (20litres),ACT 5 diff Diluent (20litres),Bottle
1,1,ACT 5 diff fix (1000mls),ACT 5 diff fix (1000mls),Bottle
1,1,ACT 5 diff Hgb lyse (400mls),ACT 5 diff Hgb lyse (400mls),Bottle
1,1,ACT 5 Diff rinse,ACT 5 Diff rinse,EACH
1,1,ACT 5 diff Rinse (1000mls),ACT 5 diff Rinse (1000mls),Bottle
1,1,ACT 5 diff WBC lyse (1000mls),ACT 5 diff WBC lyse (1000mls),Bottle
1,1,Adhesive film,Adhesive film,EACH
1,1,Adult blood culture bottle (100bt),Adult blood culture bottle (100bt),BOX
1,1,Agar Powder 250g,Agar Powder 250g,Bottle
1,1,Agarose,Agarose,EACH
1,1,Airway subvent units,Airway subvent units,EACH
1,1,Albumin PN 442765,Albumin PN 442765,EACH
1,1,Alcohol 70% 500ml ,Alcohol 70% 500ml ,Bottle
1,1,Alkaline Peptone Water (500g),Alkaline Peptone Water (500g),GR
1,1,Alkaline Phosphate Subsitrati,Alkaline Phosphate Subsitrati,Bottle
1,1,ALPS30 Microplate Heat Sealer,ALPS30 Microplate Heat Sealer,EACH
1,1,Ammonium Chloride,Ammonium Chloride,EACH
1,1,Amodaquine,Amodaquine,EACH
1,1,Anaero Jar,Anaero Jar,EACH
1,1,AnaeroGen (Bottle of 2.5L),AnaeroGen (Bottle of 2.5L),BOX
1,1,Aneroid Sphygmomanometer,Aneroid Sphygmomanometer,EACH
1,1,Applicator Stick,Applicator Stick,PACK
1,1,Appplicator Stock,Appplicator Stock,EACH
1,1,ART 300 300ul Barrier Pipette Tip (Pack of 960),ART 300 300ul Barrier Pipette Tip (Pack of 960),PACK
1,1,Artiked,Artiked,EACH
1,1,Artikel - Nr,Artikel - Nr,EACH
1,1,Asparagine C4H8N203,Asparagine C4H8N203,EACH
1,1,Aspirating pipette 2ml-Pack of 50,Aspirating pipette 2ml-Pack of 50,PACK
1,1,Assay Kits Filtropur,Assay Kits Filtropur,EACH
1,1,Assay Tips,Assay Tips,EACH
1,1,ATL,ATL,EACH
1,1,ATL 50ml,ATL 50ml,BOX
1,1,Auramine,Auramine,EACH
1,1,Autoclave Bags,Autoclave Bags,EACH
1,1,Autoclave Tape,Autoclave Tape,EACH
1,1,Autoclave Temp Sensor,Autoclave Temp Sensor,EACH
1,1,Bactec Blood Culture (Box of 100),Bactec Blood Culture (Box of 100),BOX
1,1,Bacterial DNA Mini Kit,Bacterial DNA Mini Kit,PACK
1,1,"Bag Ties, pack of 100","Bag Ties, pack of 100",EACH
1,1,Balanced Salt Solution - 500ml Bottle,Balanced Salt Solution - 500ml Bottle,Bottle
1,1,Basic fuchsin,Basic fuchsin,EACH
1,1,Basket Wire carrier,Basket Wire carrier,EACH
1,1,BD Cellfix,BD Cellfix,EACH
1,1,BD Facs Aria Filters,BD Facs Aria Filters,EACH
1,1,BD Facsdiva CS&T Beads,BD Facsdiva CS&T Beads,EACH
1,1,BD Facsflow 20l,BD Facsflow 20l,Bottle
1,1,BD MGIT Identification test ,BD MGIT Identification test ,EACH
1,1,BD MIGT Tubes,BD MIGT Tubes,EACH
1,1,BD Ventor reactor,BD Ventor reactor,EACH
1,1,BDH 100ml bottles,BDH 100ml bottles,EACH
1,1,BDH 150ml bottle,BDH 150ml bottle,EACH
1,1,BDH 60ml ,BDH 60ml ,EACH
1,1,BDH 75Ml bottles,BDH 75Ml bottles,EACH
1,1,Beaker (1L),Beaker (1L),EACH
1,1,Beaker 2000ml,Beaker 2000ml,EACH
1,1,Bel-Art HS Instrument,Bel-Art HS Instrument,EACH
1,1,Bench Guard,Bench Guard,EACH
1,1,Bench Support,Bench Support,EACH
1,1,Bevelled Filter Tips 20ul,Bevelled Filter Tips 20ul,BOX
1,1,Bevelled Tips 100ul,Bevelled Tips 100ul,PACK
1,1,Bicarbonate Calibrator,Bicarbonate Calibrator,EACH
1,1,Bijon Container 7ml ,Bijon Container 7ml ,BOX
1,1,Bijour bottles,Bijour bottles,EACH
1,1,Bin for Sharps -,Bin for Sharps -,TIN
1,1,Bin for Sharps - 5 Litres,Bin for Sharps - 5 Litres,TIN
1,1,Bin Liners - Small,Bin Liners - Small,EACH
1,1,Bioindicator,Bioindicator,EACH
1,1,Biosynex,Biosynex,EACH
1,1,Block 20*2ml Tube,Block 20*2ml Tube,BOX
1,1,Blood Agar base,Blood Agar base,EACH
1,1,Blood Bag (Lab),Blood Bag (Lab),PACK
1,1,"Blood Collection 25G, P/50","Blood Collection 25G, P/50",PACK
1,1,Blood Collection Needle 20G (Pack of 100),Blood Collection Needle 20G (Pack of 100),PACK
1,1,Blood collection tubes 23 G (100pc),Blood collection tubes 23 G (100pc),PACK
1,1,Blue pipette tips P1000 ,Blue pipette tips P1000 ,BOX
1,1,Blue racked tips 1000ul-Box of 960,Blue racked tips 1000ul-Box of 960,BOX
1,1,BOJOUE,BOJOUE,EACH
1,1,Borax Anahydrous,Borax Anahydrous,EACH
1,1,Boric Acid,Boric Acid,Bottle
1,1,Bottle 50ml,Bottle 50ml,EACH
1,1,BOWL Foil,BOWL Foil,Bottle
1,1,Brain heart infusion media,Brain heart infusion media,EACH
1,1,Breathe Sampling Devices,Breathe Sampling Devices,EACH
1,1,Brilliant Green Agar 500g,Brilliant Green Agar 500g,Bottle
1,1,Brown Tube 50ml,Brown Tube 50ml,EACH
1,1,Bubble tube 4mm,Bubble tube 4mm,PACK
1,1,Buffer 20xssc,Buffer 20xssc,EACH
1,1,Buffer ACL,Buffer ACL,BOX
1,1,Buffer AL 264ml,Buffer AL 264ml,EACH
1,1,Buffer Alt 50ml (box of 4),Buffer Alt 50ml (box of 4),BOX
1,1,Buffer ASL (4*140ML),Buffer ASL (4*140ML),EACH
1,1,Buffer ATL,Buffer ATL,EACH
1,1,Buffer AVL Viral Lysis 216mls,Buffer AVL Viral Lysis 216mls,EACH
1,1,Buffer for RNA min kit,Buffer for RNA min kit,EACH
1,1,Buffer KE,Buffer KE,Bottle
1,1,Buffer Solution,Buffer Solution,EACH
1,1,Buffered Peptone Water,Buffered Peptone Water,EACH
1,1,Butterfly needles blood collection 21G,Butterfly needles blood collection 21G,EACH
1,1,Calcium Chroride,Calcium Chroride,EACH
1,1,Calset Vials,Calset Vials,PACK
1,1,Campygen 2.5,Campygen 2.5,EACH
1,1,Cap Strip Flat 8,Cap Strip Flat 8,EACH
1,1,Capillary tubes Heparinized,Capillary tubes Heparinized,EACH
1,1,Caps for 12x75 graduated tubes,Caps for 12x75 graduated tubes,PACK
1,1,Carbol Fuchsin,Carbol Fuchsin,EACH
1,1,Carbonate Bicarbonate,Carbonate Bicarbonate,EACH
1,1,Carbonate Bicarbonate Buffer,Carbonate Bicarbonate Buffer,EACH
1,1,Carboxylate Silica,Carboxylate Silica,EACH
1,1,Card board cryo boxes,Card board cryo boxes,EACH
1,1,Card holder,Card holder,EACH
1,1,Carrier RNA 310,Carrier RNA 310,EACH
1,1,Carrousel,Carrousel,EACH
1,1,Casamino Acids Powder,Casamino Acids Powder,Bottle
1,1,Cassium Chloride ,Cassium Chloride ,Bottle
1,1,Catheter 22G,Catheter 22G,PACK
1,1,Cell scraper,Cell scraper,EACH
1,1,Cell Spreader,Cell Spreader,EACH
1,1,Cell Strainer,Cell Strainer,EACH
1,1,Cell Trics,Cell Trics,EACH
1,1,Cellulose Nitrate Filter,Cellulose Nitrate Filter,EACH
1,1,Centrifugal Filter Unit,Centrifugal Filter Unit,EACH
1,1,Centrifuge tubes 15ml ,Centrifuge tubes 15ml ,BOX
1,1,Centrifuge Tubes-high performance 50ml (Pack 500),Centrifuge Tubes-high performance 50ml (Pack 500),PACK
1,1,Cetyl trimethyl ammonium bromide,Cetyl trimethyl ammonium bromide,EACH
1,1,"Chamber Slide Cover, Packet of 16","Chamber Slide Cover, Packet of 16",PACK
1,1,"Channel Electronic Pipette, 30-300ml","Channel Electronic Pipette, 30-300ml",BOX
1,1,Chlorhexidine 2% 500ml,Chlorhexidine 2% 500ml,Bottle
1,1,Chromagar (500ml),Chromagar (500ml),Bottle
1,1,Chromium Next Gem Chip- Single Cell Kit,Chromium Next Gem Chip- Single Cell Kit,BOX
1,1,Citrate Tube 4.5ml (Pack of 100),Citrate Tube 4.5ml (Pack of 100),PACK
1,1,Citrate tubes 2ml (100 pc),Citrate tubes 2ml (100 pc),BOX
1,1,Citric Acid,Citric Acid,EACH
1,1,CL3 Inflow Filter Zig Zag,CL3 Inflow Filter Zig Zag,EACH
1,1,Claris Water,Claris Water,EACH
1,1,Cleaning Solution ,Cleaning Solution ,Bottle
1,1,Clear Flo,Clear Flo,EACH
1,1,Clear pvc tube 14mm,Clear pvc tube 14mm,BOX
1,1,Clenz 5Litres,Clenz 5Litres,Bottle
1,1,Cling film,Cling film,EACH
1,1,Co2 Alk buffer,Co2 Alk buffer,EACH
1,1,Co2 Gas,Co2 Gas,CYL
1,1,Coagulase Plasma,Coagulase Plasma,EACH
1,1,Cobas CRP Test,Cobas CRP Test,EACH
1,1,"Coffee Filter, P/100","Coffee Filter, P/100",EACH
1,1,Collection Tube 2ml,Collection Tube 2ml,BOX
1,1,Color Coding Dot labels 25mm(Stickers Adhesive),Color Coding Dot labels 25mm(Stickers Adhesive),ROLL
1,1,Combi Max 96 Rack,Combi Max 96 Rack,EACH
1,1,Combi tips 10ml,Combi tips 10ml,PACK
1,1,Combi tips 25ml,Combi tips 25ml,PACK
1,1,Compact suction unit,Compact suction unit,EACH
1,1,Compy Gen,Compy Gen,EACH
1,1,Conducting Filter Tips 200ul (Box of 960),Conducting Filter Tips 200ul (Box of 960),BOX
1,1,Conical flask 250ml,Conical flask 250ml,EACH
1,1,Conical flask 2Ltr,Conical flask 2Ltr,EACH
1,1,Conical flask 500ml,Conical flask 500ml,EACH
1,1,Connector 22M-22F,Connector 22M-22F,PACK
1,1,"Connector Box, 3 by 6","Connector Box, 3 by 6",EACH
1,1,Copper Sulphate (500g),Copper Sulphate (500g),EACH
1,1,Cornical 0.5ml,Cornical 0.5ml,BOX
1,1,Cornical costar flat bottom cell,Cornical costar flat bottom cell,EACH
1,1,Cornicle Tube Filter (50ml),Cornicle Tube Filter (50ml),EACH
1,1,Cotton tipped applicator ,Cotton tipped applicator ,EACH
1,1,Counter Denominator,Counter Denominator,EACH
1,1,Counting Chamber,Counting Chamber,EACH
1,1,Cover Glass,Cover Glass,EACH
1,1,Cover slips,Cover slips,EACH
1,1,CRAG Antigen Lateral flow assay kit,CRAG Antigen Lateral flow assay kit,EACH
1,1,Creatinine ,Creatinine ,EACH
1,1,Cryo boxes,Cryo boxes,EACH
1,1,Cryo Freezing Container,Cryo Freezing Container,EACH
1,1,Cryo Tags,Cryo Tags,BOX
1,1,Cryo Tubes 2ml,Cryo Tubes 2ml,PACK
1,1,Cryo tubes 4.5ml,Cryo tubes 4.5ml,BOX
1,1,Cryo tubes 4ml,Cryo tubes 4ml,PACK
1,1,Cryo vials 1.8ml - (50 pc),Cryo vials 1.8ml - (50 pc),PACK
1,1,Cryo vials 1.8ml pack of 450,Cryo vials 1.8ml pack of 450,PACK
1,1,Cryo Vials 2ml ,Cryo Vials 2ml ,PACK
1,1,Cryo vials cups,Cryo vials cups,BOX
1,1,Cryogenic vials (100pc),Cryogenic vials (100pc),BOX
1,1,Cryovial 1.5mls (pack of 500),Cryovial 1.5mls (pack of 500),PACK
1,1,Cryovial 2ml round base (Pack of 500),Cryovial 2ml round base (Pack of 500),PACK
1,1,Crysta Seal,Crysta Seal,EACH
1,1,Crystal Clear Tube 1.5ml,Crystal Clear Tube 1.5ml,BOX
1,1,Crystal clear tubes 2ml ,Crystal clear tubes 2ml ,BOX
1,1,Crystal Violet Concentrate (100ml),Crystal Violet Concentrate (100ml),Bottle
1,1,Crystel clear Tube 20ml,Crystel clear Tube 20ml,BOX
1,1,CTM with Swab kit,CTM with Swab kit,EACH
1,1,Culture media supplement,Culture media supplement,EACH
1,1,Culture Plate 12 Well (Pkt of 50),Culture Plate 12 Well (Pkt of 50),PACK
1,1,Culture Plate 6 well,Culture Plate 6 well,EACH
1,1,Culture Tub - 16 x 125mm,Culture Tub - 16 x 125mm,EACH
1,1,Culture Tubes,Culture Tubes,BOX
1,1,Cupric sulphate,Cupric sulphate,EACH
1,1,Cuvette,Cuvette,EACH
1,1,Cuvettes HB 201,Cuvettes HB 201,EACH
1,1,Cuvettes HB 301,Cuvettes HB 301,EACH
1,1,Decontamination solution,Decontamination solution,EACH
1,1,Depc-Treated Water,Depc-Treated Water,EACH
1,1,Descant Silica Gel,Descant Silica Gel,EACH
1,1,Desicants,Desicants,EACH
1,1,Determine HIV test kit,Determine HIV test kit,EACH
1,1,Diagnostic Tab electrodes,Diagnostic Tab electrodes,PACK
1,1,Dichloran Glycerol Agar Base (500g),Dichloran Glycerol Agar Base (500g),Bottle
1,1,Diethyl Either,Diethyl Either,EACH
1,1,Difco Universal Pre-Enrichment Broth,Difco Universal Pre-Enrichment Broth,EACH
1,1,Diff Lytic Reagent,Diff Lytic Reagent,EACH
1,1,Diluent Tubing,Diluent Tubing,EACH
1,1,Dimethyl Sulfoxide (1L),Dimethyl Sulfoxide (1L),Bottle
1,1,Direct Bilirubin PN 439715,Direct Bilirubin PN 439715,EACH
1,1,"Direct Thermal Paper, LABEL Zipship ","Direct Thermal Paper, LABEL Zipship ",EACH
1,1,Di-Sodium hydrogen,Di-Sodium hydrogen,EACH
1,1,"Disodium Hydrogen Phosphate, 500mg","Disodium Hydrogen Phosphate, 500mg",BOX
1,1,Disodium salt,Disodium salt,EACH
1,1,Disposable cartridge,Disposable cartridge,EACH
1,1,Disposable Counting chamber,Disposable Counting chamber,EACH
1,1,Disposable Cryo Funnel,Disposable Cryo Funnel,EACH
1,1,Disposable filter,Disposable filter,EACH
1,1,Disposable Filter Device,Disposable Filter Device,EACH
1,1,Disposable filter tips 1100ul-Box of 960,Disposable filter tips 1100ul-Box of 960,BOX
1,1,Disposable Pipette 10ml (Pack of 50),Disposable Pipette 10ml (Pack of 50),PACK
1,1,Disposable pipette 5ml (pack of 50),Disposable pipette 5ml (pack of 50),BOX
1,1,Disposable pipette 5ml-Pack of 50,Disposable pipette 5ml-Pack of 50,PACK
1,1,Disposable probe covers,Disposable probe covers,EACH
1,1,Disposable serological pipette 25ml-Pack of 100,Disposable serological pipette 25ml-Pack of 100,PACK
1,1,Dissicting SCISSORS,Dissicting SCISSORS,EACH
1,1,DL-Dithiothreitol Solution,DL-Dithiothreitol Solution,Bottle
1,1,DNA Away,DNA Away,EACH
1,1,DNA Collection Tube 2ml,DNA Collection Tube 2ml,BOX
1,1,DNA Gel Stain,DNA Gel Stain,EACH
1,1,DNA Purifciation Kit,DNA Purifciation Kit,EACH
1,1,DNA Saliva Collectors ,DNA Saliva Collectors ,PACK
1,1,Dnase Agar 500gr,Dnase Agar 500gr,Bottle
1,1,Dneasy Prokit,Dneasy Prokit,PACK
1,1,Double Cytofunnel,Double Cytofunnel,EACH
1,1,Double Grip Clampx (Pack of 20),Double Grip Clampx (Pack of 20),PACK
1,1,DPBS (IX),DPBS (IX),EACH
1,1,Dry swab cloth,Dry swab cloth,EACH
1,1,Dry Swabs With Applicator - Pack of 100,Dry Swabs With Applicator - Pack of 100,PACK
1,1,Duran bottles 1000ml,Duran bottles 1000ml,EACH
1,1,Duran bottles 100ml,Duran bottles 100ml,EACH
1,1,Duran bottles 250ml,Duran bottles 250ml,EACH
1,1,Duran bottles 500ml,Duran bottles 500ml,EACH
1,1,Durapore 3m,Durapore 3m,EACH
1,1,DXH 500 Diluent,DXH 500 Diluent,EACH
1,1,"E-45 Cream, Lanolin","E-45 Cream, Lanolin",Bottle
1,1,Ear Thermometer,Ear Thermometer,EACH
1,1,Easi gown,Easi gown,EACH
1,1,EDTA 5 ml tubes (purple top) (100pc),EDTA 5 ml tubes (purple top) (100pc),PACK
1,1,EDTA tube 1ml (Park of 100),EDTA tube 1ml (Park of 100),PACK
1,1,EDTA tubes 0.5ml - (50 pc),EDTA tubes 0.5ml - (50 pc),PACK
1,1,EDTA tubes 1.3ml,EDTA tubes 1.3ml,BOX
1,1,"EDTA Tubes 1.8ml, Pack of 100","EDTA Tubes 1.8ml, Pack of 100",BOX
1,1,EDTA tubes 10ml-Pack of 100,EDTA tubes 10ml-Pack of 100,BOX
1,1,EDTA tubes 2ml-Pack of 100,EDTA tubes 2ml-Pack of 100,BOX
1,1,EDTA tubes 3ml-Pack of 100,EDTA tubes 3ml-Pack of 100,BOX
1,1,EDTA Tubes 4.5ml ,EDTA Tubes 4.5ml ,PACK
1,1,EDTA tubes 4ml-Pack of 100,EDTA tubes 4ml-Pack of 100,BOX
1,1,EDTA tubes 5ml-Pack of 100,EDTA tubes 5ml-Pack of 100,BOX
1,1,EDTA tubes 6ml-Pack of 100,EDTA tubes 6ml-Pack of 100,BOX
1,1,Electrocatlo Graph Paper,Electrocatlo Graph Paper,EACH
1,1,Electrode cl,Electrode cl,EACH
1,1,Electrode na,Electrode na,EACH
1,1,Electrode Ref,Electrode Ref,EACH
1,1,Electrolyte Solution (500ml),Electrolyte Solution (500ml),Bottle
1,1,Elecyse and Cobase analyser,Elecyse and Cobase analyser,EACH
1,1,Elution Microtube (Box of 96),Elution Microtube (Box of 96),BOX
1,1,EMD Millipore Stericup,EMD Millipore Stericup,EACH
1,1,Endoscope Detergent,Endoscope Detergent,Bottle
1,1,Endoscope Reprocessor,Endoscope Reprocessor,PACK
1,1,Endotrain,Endotrain,EACH
1,1,"Eppendorf Cell Culture, 96 Well","Eppendorf Cell Culture, 96 Well",BOX
1,1,Eppendorf Raarch 10-100ul,Eppendorf Raarch 10-100ul,EACH
1,1,Eppendorf Raarch 20-200ul,Eppendorf Raarch 20-200ul,EACH
1,1,Eppendorf repeater,Eppendorf repeater,EACH
1,1,Eppendorf tubes 0.5 ml-Pack of 500,Eppendorf tubes 0.5 ml-Pack of 500,PACK
1,1,Eppendorf tubes 1.5ml-Pack of 100,Eppendorf tubes 1.5ml-Pack of 100,PACK
1,1,Eppendorf Tubes 2ml -Pack of 100,Eppendorf Tubes 2ml -Pack of 100,BOX
1,1,Eppendorf tubes 5ml (Box of 450),Eppendorf tubes 5ml (Box of 450),BOX
1,1,Esculin Hydrolysis Diatabs,Esculin Hydrolysis Diatabs,EACH
1,1,Ethidium Bromide solution,Ethidium Bromide solution,EACH
1,1,Ethylenetiaminete Acid,Ethylenetiaminete Acid,EACH
1,1,Evos High Club,Evos High Club,EACH
1,1,Extraction Reagent ,Extraction Reagent ,EACH
1,1,Eye Wash Solution,Eye Wash Solution,EACH
1,1,Facs Aria Filter,Facs Aria Filter,EACH
1,1,Facs clean,Facs clean,EACH
1,1,Facs Flow,Facs Flow,EACH
1,1,Facs lysing solution,Facs lysing solution,Bottle
1,1,Facs rinse,Facs rinse,Bottle
1,1,"Falcon Tube 10mls, Box/50","Falcon Tube 10mls, Box/50",BOX
1,1,Falcon Tube 50ml (25pc),Falcon Tube 50ml (25pc),BOX
1,1,Falcon Tube 50ml (50 pc),Falcon Tube 50ml (50 pc),PACK
1,1,Falcon Tube 50ml-Pack of 50,Falcon Tube 50ml-Pack of 50,PACK
1,1,Falcon Tubes 15ml-Pack of 25,Falcon Tubes 15ml-Pack of 25,PACK
1,1,Fast DNA  Spin Kit,Fast DNA  Spin Kit,EACH
1,1,Fecal Trans Swab Tube 2ml (Pack of 100),Fecal Trans Swab Tube 2ml (Pack of 100),PACK
1,1,Ferous sulphate,Ferous sulphate,Bottle
1,1,Ferrous sulphate syrup,Ferrous sulphate syrup,Bottle
1,1,Ficoll Pague Bottle,Ficoll Pague Bottle,Bottle
1,1,Field stain A,Field stain A,Bottle
1,1,Field stain B,Field stain B,Bottle
1,1,Filter Paper (Pack of 20),Filter Paper (Pack of 20),PACK
1,1,Filter paper 24 cm no 1,Filter paper 24 cm no 1,EACH
1,1,Filter papers ,Filter papers ,EACH
1,1,Filter Syringe,Filter Syringe,EACH
1,1,Filter tips 1024 - 1500ul,Filter tips 1024 - 1500ul,BOX
1,1,Filter tips 1024 - 200ul,Filter tips 1024 - 200ul,BOX
1,1,Filter Tips 200-250 ,Filter Tips 200-250 ,BOX
1,1,Filter tips 50ul,Filter tips 50ul,BOX
1,1,Filtropur,Filtropur,EACH
1,1,Filtropur S syringe filter,Filtropur S syringe filter,PACK
1,1,Fine tip mini Pipette (box of 500),Fine tip mini Pipette (box of 500),BOX
1,1,Finn tips (pipet) - 1000ul,Finn tips (pipet) - 1000ul,BOX
1,1,Finntip pipette tips 10ul,Finntip pipette tips 10ul,PACK
1,1,Flask 125ml (Pack of 5),Flask 125ml (Pack of 5),PACK
1,1,FLASK 175cm,FLASK 175cm,PACK
1,1,Flask 25cm ,Flask 25cm ,EACH
1,1,Flask 75cm ,Flask 75cm ,EACH
1,1,Flat Bottom cell culture plates,Flat Bottom cell culture plates,EACH
1,1,Flocked swabs,Flocked swabs,EACH
1,1,FloQswabs,FloQswabs,EACH
1,1,Flourescent Screen,Flourescent Screen,EACH
1,1,Fluoride Oxalate Tube (Grey Top)-Pack of 100,Fluoride Oxalate Tube (Grey Top)-Pack of 100,EACH
1,1,Fluoromount Dapi,Fluoromount Dapi,EACH
1,1,Fluoromount G,Fluoromount G,EACH
1,1,Foam Pillow,Foam Pillow,EACH
1,1,Foil ,Foil ,EACH
1,1,Foil Bag,Foil Bag,EACH
1,1,Foil bow 50ml,Foil bow 50ml,EACH
1,1,Foil Bowl 500ml,Foil Bowl 500ml,PACK
1,1,"Food Protection Tube & Tips, 240Tests/Unit","Food Protection Tube & Tips, 240Tests/Unit",PACK
1,1,Food Protection Tubes,Food Protection Tubes,EACH
1,1,Forceps,Forceps,EACH
1,1,Formaldehyde solution,Formaldehyde solution,EACH
1,1,Formamide,Formamide,EACH
1,1,Freezing Container,Freezing Container,EACH
1,1,Frosted microscope slides,Frosted microscope slides,BOX
1,1,Funnel Glass,Funnel Glass,EACH
1,1,Gas Holder,Gas Holder,EACH
1,1,Gas regulator single stage,Gas regulator single stage,EACH
1,1,Gauze wire,Gauze wire,EACH
1,1,GC Agar base,GC Agar base,Bottle
1,1,Geimsa Stain,Geimsa Stain,Bottle
1,1,Gel extraction kit,Gel extraction kit,EACH
1,1,Gel Pack 200g,Gel Pack 200g,EACH
1,1,General Purpose Bowls,General Purpose Bowls,EACH
1,1,Gentle Mac Tubes,Gentle Mac Tubes,BOX
1,1,Gigazyme,Gigazyme,EACH
1,1,Gilson Pipette Kit,Gilson Pipette Kit,EACH
1,1,Ginomic Lysing Buffer,Ginomic Lysing Buffer,BOX
1,1,Glass Beads,Glass Beads,EACH
1,1,Glass Bijou 14ml-Pack 144,Glass Bijou 14ml-Pack 144,PACK
1,1,Glass waste box,Glass waste box,EACH
1,1,Glassine Envelopes,Glassine Envelopes,EACH
1,1,Glasstick Slide,Glasstick Slide,EACH
1,1,Glucose Dextrose Powder 500g,Glucose Dextrose Powder 500g,Bottle
1,1,Glucose Diatabs,Glucose Diatabs,EACH
1,1,Glucose Monohydrate (bottle 1kg),Glucose Monohydrate (bottle 1kg),Bottle
1,1,Glycerol,Glycerol,Bottle
1,1,Glycerol (500m),Glycerol (500m),EACH
1,1,Glycolytic Rate Assay Kit,Glycolytic Rate Assay Kit,EACH
1,1,Glyxylocaine 10mg Spray (50ml),Glyxylocaine 10mg Spray (50ml),EACH
1,1,Gold Blood cell tube,Gold Blood cell tube,BOX
1,1,Grade AA Disk,Grade AA Disk,EACH
1,1,Grade water,Grade water,EACH
1,1,Graduated Bowl 1L,Graduated Bowl 1L,EACH
1,1,Graduated filter tip 100ul,Graduated filter tip 100ul,BOX
1,1,Graduated filter tip 50ul,Graduated filter tip 50ul,BOX
1,1,Graduated filter tips 1000ul-Box of 960,Graduated filter tips 1000ul-Box of 960,BOX
1,1,Graduated filter tips 200ul-Box of 960,Graduated filter tips 200ul-Box of 960,BOX
1,1,Graduated filter tips 30ul,Graduated filter tips 30ul,BOX
1,1,Graduated flat base tube,Graduated flat base tube,EACH
1,1,Graduated Micro tube 1.5ml ,Graduated Micro tube 1.5ml ,BOX
1,1,Graduated tips 1000ul-Box of 960,Graduated tips 1000ul-Box of 960,BOX
1,1,Graduated tips 200ul-Box of 960,Graduated tips 200ul-Box of 960,BOX
1,1,Graduated tips 20ul-Box of 960,Graduated tips 20ul-Box of 960,BOX
1,1,Graduated tube 2.0ml,Graduated tube 2.0ml,BOX
1,1,Graduated tubes 1.6ml (Box of 500),Graduated tubes 1.6ml (Box of 500),BOX
1,1,Graduated tubes 5ml (12x75),Graduated tubes 5ml (12x75),PACK
1,1,Grams Differentiator 250ml,Grams Differentiator 250ml,EACH
1,1,Green bag disposable kit,Green bag disposable kit,PACK
1,1,Greiner Speader Sterile,Greiner Speader Sterile,PACK
1,1,Haemato Spin 1400,Haemato Spin 1400,
1,1,Hand Paper Towel - Roll,Hand Paper Towel - Roll,ROLL
1,1,"Hand Towel Large, Roll","Hand Towel Large, Roll",ROLL
1,1,"Hand Towel Medium, Roll","Hand Towel Medium, Roll",ROLL
1,1,"Hand Towel Small, Roll","Hand Towel Small, Roll",ROLL
1,1,Harlequin ABC Agar-500g,Harlequin ABC Agar-500g,Bottle
1,1,HB 801 Hemocue,HB 801 Hemocue,EACHch
1,1,Hbe AG Serum Rapid Test Kit (Pack of 10),Hbe AG Serum Rapid Test Kit (Pack of 10),PACK
1,1,Heating Fitting brass,Heating Fitting brass,EACHch
1,1,Heavy duty flask 500ml,Heavy duty flask 500ml,EACHch
1,1,HEKTOEN Enteric Agar,HEKTOEN Enteric Agar,EACHch
1,1,HEMATOXYLIN Solution,HEMATOXYLIN Solution,Bottle
1,1,Hemocue HBA1C 501 Monthly Cartridge - 6pc,Hemocue HBA1C 501 Monthly Cartridge - 6pc,PACK
1,1,Hemocue HBA1C 501 Test Cartridge - 10pc,Hemocue HBA1C 501 Test Cartridge - 10pc,PACK
1,1,Hepa Filter Cartridge,Hepa Filter Cartridge,EACHch
1,1,Heparin Sodium Salt,Heparin Sodium Salt,EACHch
1,1,HIV Unigold Kit (box of 20),HIV Unigold Kit (box of 20),BOX
1,1,HMX-PAK Reagent Kit,HMX-PAK Reagent Kit,EACHch
1,1,Humidifier bottles,Humidifier bottles,Bottle
1,1,Hybisk,Hybisk,EACHch
1,1,Hydrex HS 500ml,Hydrex HS 500ml,Bottle
1,1,Hydrex Pink Alcoholic Solution,Hydrex Pink Alcoholic Solution,EACHch
1,1,Hydrogen Peroxide Solution,Hydrogen Peroxide Solution,BOX
1,1,Hydrophobic filter,Hydrophobic filter,EACHch
1,1,Hypochlorite Solution - 500ml,Hypochlorite Solution - 500ml,Bottle
1,1,ICE Pack,ICE Pack,PACK
1,1,Igepal Liquid (Bottle of 500ml),Igepal Liquid (Bottle of 500ml),Bottle
1,1,Immersion oil,Immersion oil,Bottle
1,1,Indian Ink,Indian Ink,Bottle
1,1,Indicator Paper,Indicator Paper,EACHch
1,1,Indicator Tips,Indicator Tips,BOX
1,1,Influ A and B K-Set (Pack of 20),Influ A and B K-Set (Pack of 20),PACK
1,1,Inhibit Ex Buffer (Bottle of 500g),Inhibit Ex Buffer (Bottle of 500g),Bottle
1,1,Inhibitex tablets (Pack of 100),Inhibitex tablets (Pack of 100),PACK
1,1,Innoculation Mini Needles,Innoculation Mini Needles,EACHch
1,1,Invitrogen,Invitrogen,PACK
1,1,ISE Buffer,ISE Buffer,BOX
1,1,ISE electrolyte Buffer,ISE electrolyte Buffer,EACHch
1,1,ISE Electrolyte reference,ISE Electrolyte reference,EACHch
1,1,ISE High serum standard,ISE High serum standard,EACHch
1,1,ISE Internal Reference,ISE Internal Reference,EACHch
1,1,ISE Internal Reference,ISE Internal Reference,EACHch
1,1,ISE Low Serum standard,ISE Low Serum standard,EACHch
1,1,ISE Low/High urine Standard,ISE Low/High urine Standard,EACHch
1,1,ISE Mid Standard,ISE Mid Standard,EACHch
1,1,ISE Reference,ISE Reference,EACHch
1,1,ISE reference ,ISE reference ,EACHch
1,1,ISE Selective check,ISE Selective check,EACHch
1,1,ISO - Sensitest Agar,ISO - Sensitest Agar,EACHch
1,1,Isocode DNA/isoratron,Isocode DNA/isoratron,EACHch
1,1,Isoton III,Isoton III,EACHch
1,1,k/ electrode - pre gel,k/ electrode - pre gel,EACHch
1,1,Kanamycin Sulphate,Kanamycin Sulphate,EACHch
1,1,Kidney dishes,Kidney dishes,EACHch
1,1,Kovacs Reagent,Kovacs Reagent,EACHch
1,1,Lab coat,Lab coat,EACHch
1,1,Lab Coat Green,Lab Coat Green,EACHch
1,1,Lab marker,Lab marker,EACHch
1,1,Lab stands,Lab stands,EACHch
1,1,Label Etiquettes,Label Etiquettes,BOX
1,1,Laboratory film,Laboratory film,EACHch
1,1,Lactate pro blood test meter,Lactate pro blood test meter,EACHch
1,1,Lactose Diatabs,Lactose Diatabs,EACHch
1,1,Lactron primer1,Lactron primer1,EACHch
1,1,Latron control,Latron control,EACHch
1,1,Latron Control part#7546914,Latron Control part#7546914,EACHch
1,1,Latron Primer part#7546915,Latron Primer part#7546915,EACHch
1,1,LB Agar Miller,LB Agar Miller,Bottle
1,1,LB BROTH,LB BROTH,Bottle
1,1,LB Broth Miller,LB Broth Miller,Bottle
1,1,LB Broth with Agar,LB Broth with Agar,Bottle
1,1,L-Cysteine Hydrochloride - 30g,L-Cysteine Hydrochloride - 30g,Bottle
1,1,Lens cleaning tissue,Lens cleaning tissue,EACHch
1,1,Liquid propane gas 4.5kg cylinder,Liquid propane gas 4.5kg cylinder,CYL
1,1,Lithium Herparin Tubes 2ml,Lithium Herparin Tubes 2ml,EACHch
1,1,LS Column,LS Column,EACHch
1,1,Lugols Iodine,Lugols Iodine,EACHch
1,1,Luria Broth Base (Bottle of 500g),Luria Broth Base (Bottle of 500g),Bottle
1,1,Lyse III Diff Part no:8448177,Lyse III Diff Part no:8448177,EACHch
1,1,Lyse S III Diff,Lyse S III Diff,EACHch
1,1,M.R.S. Broth - 500ml,M.R.S. Broth - 500ml,Bottle
1,1,Mac Conkey Agar,Mac Conkey Agar,Bottle
1,1,Mag Funnel - 300ml,Mag Funnel - 300ml,Bottle
1,1,Mag Min Kit,Mag Min Kit,EACHch
1,1,MagMin,MagMin,EACHch
1,1,Magnesium chloride,Magnesium chloride,Bottle
1,1,Magnesium Chloride Anhydrous,Magnesium Chloride Anhydrous,Bottle
1,1,Magnesium citrate,Magnesium citrate,Bottle
1,1,Magnesium sulphate,Magnesium sulphate,Bottle
1,1,Magnetic Stand,Magnetic Stand,EACHch
1,1,Magpix Drive Fluid - Packet of 50,Magpix Drive Fluid - Packet of 50,PACK
1,1,Malachite green,Malachite green,Bottle
1,1,Maltose Diatabs,Maltose Diatabs,EACHch
1,1,Matrix 0.2ml Tube,Matrix 0.2ml Tube,EACHch
1,1,Matrix Pipette Tips,Matrix Pipette Tips,PACK
1,1,McFarland Standard 0.5,McFarland Standard 0.5,EACHch
1,1,Measuring cylinder 1000ml,Measuring cylinder 1000ml,EACHch
1,1,Measuring cylinder 100ml,Measuring cylinder 100ml,EACHch
1,1,Measuring cylinder 1Ltr,Measuring cylinder 1Ltr,EACHch
1,1,Measuring cylinder 250ml,Measuring cylinder 250ml,EACHch
1,1,Measuring cylinder 500ml,Measuring cylinder 500ml,EACHch
1,1,Measuring cylinder 5Ltr ,Measuring cylinder 5Ltr ,EACHch
1,1,Medical Coverall Suit,Medical Coverall Suit,EACHch
1,1,Medical flat ss,Medical flat ss,Bottle
1,1,Medical Pen Fine Point,Medical Pen Fine Point,EACHch
1,1,Medium Bowl,Medium Bowl,PACK
1,1,Medium yellow bag,Medium yellow bag,EACHch
1,1,Membrane,Membrane,EACHch
1,1,Methanol,Methanol,Bottle
1,1,Methylene Blue,Methylene Blue,EACHch
1,1,MGTI Identification Test (Park of 25),MGTI Identification Test (Park of 25),PACK
1,1,Micro Amp Adhesive Film,Micro Amp Adhesive Film,EACHch
1,1,Micro Amp fast,Micro Amp fast,EACHch
1,1,Micro Amp Fast 96 well Plate,Micro Amp Fast 96 well Plate,EACHch
1,1,Micro Amp fast optical,Micro Amp fast optical,EACHch
1,1,Micro Amp Film,Micro Amp Film,EACHch
1,1,Micro Amp Optical 8 caps strips (Ptk 300),Micro Amp Optical 8 caps strips (Ptk 300),PACK
1,1,Micro Amp Reaction 96 Well Plate,Micro Amp Reaction 96 Well Plate,EACHch
1,1,Micro Tita 96 Well IMMUNO Plate,Micro Tita 96 Well IMMUNO Plate,PACK
1,1,Micro Tube 1.1mls (pack of 100),Micro Tube 1.1mls (pack of 100),PACK
1,1,Micro Tube 1.3ml (Pack of 100),Micro Tube 1.3ml (Pack of 100),PACK
1,1,Micro tubes 0.5ml -(500 PC),Micro tubes 0.5ml -(500 PC),PACK
1,1,Micro tubes 2ml,Micro tubes 2ml,PACK
1,1,Micro Well Plate LID,Micro Well Plate LID,EACHch
1,1,Microbank,Microbank,EACHch
1,1,Microbank Insulated,Microbank Insulated,EACHch
1,1,Microbiology request forms ,Microbiology request forms ,EACHch
1,1,Microcentrifuge Tube - 0.5 ml ,Microcentrifuge Tube - 0.5 ml ,PACK
1,1,Microcentrifuge tube (0.6ml),Microcentrifuge tube (0.6ml),PACK
1,1,Microcentrifuge Tube 1.0ml ,Microcentrifuge Tube 1.0ml ,BOX
1,1,Microcentrifuge Tube 1.5ml,Microcentrifuge Tube 1.5ml,BOX
1,1,Microcentrifuge Tube 2.0ml,Microcentrifuge Tube 2.0ml,BOX
1,1,Microcentrifuge Tubes 2.0 ml,Microcentrifuge Tubes 2.0 ml,BOX
1,1,Microhaematotocit tube reader,Microhaematotocit tube reader,EACHch
1,1,Microloop Purple 5ul-Pack/1000,Microloop Purple 5ul-Pack/1000,PACK
1,1,Microscope cover glass 22 x 22 mm ,Microscope cover glass 22 x 22 mm ,EACHch
1,1,Microscope slide - 100pc,Microscope slide - 100pc,PACK
1,1,Microtiter ,Microtiter ,EACHch
1,1,Microtiter (White Flat Bottom),Microtiter (White Flat Bottom),EACHch
1,1,Microtube Racked,Microtube Racked,EACHch
1,1,Mid Brook 7H.11 Agar Base,Mid Brook 7H.11 Agar Base,Bottle
1,1,Mid Brook 7H.9 Broth Base,Mid Brook 7H.9 Broth Base,EACHch
1,1,Milpore Filter,Milpore Filter,EACHch
1,1,Mineral oil 125ml,Mineral oil 125ml,Bottle
1,1,Mitogen Tubes,Mitogen Tubes,EACHch
1,1,Mixing Bar- L Shape,Mixing Bar- L Shape,EACHch
1,1,Mixing Rod Spiral Shaped,Mixing Rod Spiral Shaped,EACHch
1,1,Mold jacket tubes 0.3ml,Mold jacket tubes 0.3ml,EACHch
1,1,Molecular ,Molecular ,EACHch
1,1,MS Column,MS Column,EACHch
1,1,Muco Clear 3% Inhalation Solution,Muco Clear 3% Inhalation Solution,EACHch
1,1,Muco Clear 6%,Muco Clear 6%,EACHch
1,1,Mueller hinton agar (bottle 500ml),Mueller hinton agar (bottle 500ml),Bottle
1,1,Multi Adaptor Pipette,Multi Adaptor Pipette,EACHch
1,1,Multi channel Pipette,Multi channel Pipette,EACHch
1,1,MultiScreen,MultiScreen,EACHch
1,1,Multiscreen Filter,Multiscreen Filter,EACHch
1,1,"Multiscreen Filter, Plates","Multiscreen Filter, Plates",EACHch
1,1,Mupirocin Pure - 25g,Mupirocin Pure - 25g,Bottle
1,1,Myco Lytic Culture,Myco Lytic Culture,EACHch
1,1,Nalgene bottle 1000ml ,Nalgene bottle 1000ml ,Bottle
1,1,Nalgene Cylinder (1L),Nalgene Cylinder (1L),EACHch
1,1,Nalgene rack,Nalgene rack,EACHch
1,1,Nasal Mucocas Curette (RHINO-PRO),Nasal Mucocas Curette (RHINO-PRO),BOX
1,1,Nasosorption - Box of 50,Nasosorption - Box of 50,BOX
1,1,Needle 21g box of 100,Needle 21g box of 100,BOX
1,1,Needles 23G,Needles 23G,BOX
1,1,Nicotinic Acid,Nicotinic Acid,Bottle
1,1,Nitor Phiryl Phosphate Tablet,Nitor Phiryl Phosphate Tablet,BOX
1,1,Nitrogen Gassed,Nitrogen Gassed,Bottle
1,1,No Wire Rack,No Wire Rack,EACHch
1,1,Non Filtered Pippette tips 1000ul- Box of 960,Non Filtered Pippette tips 1000ul- Box of 960,BOX
1,1,Non sterile pipette,Non sterile pipette,BOX
1,1,Nuclear Free Water,Nuclear Free Water,Bottle
1,1,Nucleolink Strips,Nucleolink Strips,EACHch
1,1,"Nunc Aluminium Seal Tape, 96 Well Plates","Nunc Aluminium Seal Tape, 96 Well Plates",BOX
1,1,Nutrient Agar,Nutrient Agar,Bottle
1,1,Nutrient Broth base,Nutrient Broth base,Bottle
1,1,Oil Immersion,Oil Immersion,Bottle
1,1,OKI Ribbon 9 pin,OKI Ribbon 9 pin,EACHch
1,1,Olympus MD-631,Olympus MD-631,EACHch
1,1,One for All Qiamp nucleic acid kit ,One for All Qiamp nucleic acid kit ,EACHch
1,1,Optical Adhesive Cover (pkt 20),Optical Adhesive Cover (pkt 20),PACK
1,1,Optical Lens cleaner fluid,Optical Lens cleaner fluid,EACHch
1,1,Optitube Lubricant Jelly,Optitube Lubricant Jelly,EACHch
1,1,Oragene-DNA Kits,Oragene-DNA Kits,EACHch
1,1,Oral quick HIV test ,Oral quick HIV test ,EACHch
1,1,Oral swabs,Oral swabs,EACHch
1,1,Orthophosphoric acid ,Orthophosphoric acid ,EACHch
1,1,Otoscope,Otoscope,EACHch
1,1,Ox Bile,Ox Bile,EACHch
1,1,Oxgall Powder,Oxgall Powder,EACHch
1,1,Oxidase Reagent Dropper,Oxidase Reagent Dropper,EACHch
1,1,Paedric Resuscitator,Paedric Resuscitator,EACHch
1,1,Paper Sticker Adhesive,Paper Sticker Adhesive,ROLL
1,1,Paper Towel,Paper Towel,ROLL
1,1,Paper towel Holder,Paper towel Holder,EACHch
1,1,"Paper Towel, Roll","Paper Towel, Roll",ROLL
1,1,Parafilm,Parafilm,ROLL
1,1,Parafin Wax,Parafin Wax,PACK
1,1,Pasteur Pipette 100ml,Pasteur Pipette 100ml,PACK
1,1,Pasteur pipette 10ml,Pasteur pipette 10ml,EACHch
1,1,Pasteur Pipette 1ml,Pasteur Pipette 1ml,PACK
1,1,Pasteur Pipette 3ml,Pasteur Pipette 3ml,PACK
1,1,Pasteur pipette 5ml,Pasteur pipette 5ml,BOX
1,1,"Pasteur Pipette Sterile 3ml, Single Warap , P/500","Pasteur Pipette Sterile 3ml, Single Warap , P/500",BOX
1,1,Paxgen tube,Paxgen tube,EACHch
1,1,PBS PH 7.4,PBS PH 7.4,EACHch
1,1,PBS PH7.2,PBS PH7.2,EACHch
1,1,PCR Clean,PCR Clean,EACHch
1,1,PCR Plate Skirted,PCR Plate Skirted,EACHch
1,1,PCR Purification Kit,PCR Purification Kit,EACHch
1,1,PCR Tubes Module,PCR Tubes Module,EACHch
1,1,Peads blood culture bottle (100bt),Peads blood culture bottle (100bt),BOX
1,1,Peptone for Microbiology 500g,Peptone for Microbiology 500g,Bottle
1,1,Peptone from Gelatine,Peptone from Gelatine,EACHch
1,1,Percoll,Percoll,BOX
1,1,Petri dishes-Box of 500,Petri dishes-Box of 500,BOX
1,1,Ph 4.0 Buffer tablets,Ph 4.0 Buffer tablets,Bottle
1,1,Ph 7.0 Buffer tablets,Ph 7.0 Buffer tablets,Bottle
1,1,Ph 9.2 Buffer tablet,Ph 9.2 Buffer tablet,Bottle
1,1,PH Buffer Standard,PH Buffer Standard,EACHch
1,1,PH Butter Standard,PH Butter Standard,EACHch
1,1,PH Strip,PH Strip,PACK
1,1,Phenol,Phenol,Bottle
1,1,Phenol crystals,Phenol crystals,Bottle
1,1,Phosphate Bufferent Saline,Phosphate Bufferent Saline,EACHch
1,1,Phosphoric acid,Phosphoric acid,Bottle
1,1,Photo meter lamp,Photo meter lamp,EACHch
1,1,Photometer Lamp 12v 20w (Lab),Photometer Lamp 12v 20w (Lab),EACHch
1,1,Pill Counting,Pill Counting,EACHch
1,1,Pinch Valve Tubing,Pinch Valve Tubing,EACHch
1,1,Pipet Boy 05-10ul ,Pipet Boy 05-10ul ,EACHch
1,1,Pipet Boy 100-1000ul,Pipet Boy 100-1000ul,PACK
1,1,Pipet Boy 20-200ul,Pipet Boy 20-200ul,BOX
1,1,Pipet Boy 2-20ul,Pipet Boy 2-20ul,BOX
1,1,Pipet Man 200ul,Pipet Man 200ul,EACHch
1,1,Pipetboy Acu 2,Pipetboy Acu 2,EACHch
1,1,Pipetman F10,Pipetman F10,EACHch
1,1,Pipetman F100,Pipetman F100,EACHch
1,1,Pipetman L P2L (FA10001M) - 1pc,Pipetman L P2L (FA10001M) - 1pc,EACHch
1,1,Pipetman L Starter Kit (F167350) - 3pc,Pipetman L Starter Kit (F167350) - 3pc,EACHch
1,1,Pipetman micro-volume,Pipetman micro-volume,EACHch
1,1,Pipetman P1000,Pipetman P1000,EACHch
1,1,Pipetman P20,Pipetman P20,EACHch
1,1,Pipetman P200,Pipetman P200,EACHch
1,1,Pipetman P500,Pipetman P500,EACHch
1,1,Pipetman P5000,Pipetman P5000,EACHch
1,1,Pipette 5ml-Pack of 50,Pipette 5ml-Pack of 50,PACK
1,1,Pipette Boy,Pipette Boy,EACHch
1,1,Pipette Controller,Pipette Controller,BOX
1,1,Pipette pump,Pipette pump,EACHch
1,1,Pipette Stand,Pipette Stand,EACHch
1,1,Pipette tips 10-20ul,Pipette tips 10-20ul,PACK
1,1,Pipette tips 300ul,Pipette tips 300ul,BOX
1,1,Pipette tips P200,Pipette tips P200,BOX
1,1,Pipette Tips Racked - Box of 960,Pipette Tips Racked - Box of 960,BOX
1,1,PipetteMan - 1000L,PipetteMan - 1000L,EACHch
1,1,PipetteMan - 20L,PipetteMan - 20L,EACHch
1,1,Pipettor Head,Pipettor Head,EACHch
1,1,Pipi Lab 10ml ,Pipi Lab 10ml ,EACHch
1,1,Plain Skirted Tubes 0.5ml,Plain Skirted Tubes 0.5ml,EACHch
1,1,Plain tube 6ml,Plain tube 6ml,BOX
1,1,Plasmid mini kit,Plasmid mini kit,EACHch
1,1,Plastic bottle 1000ml,Plastic bottle 1000ml,EACHch
1,1,Plastic Bottle 1Litre,Plastic Bottle 1Litre,Bottle
1,1,"Plastic Bottle, 1 litre","Plastic Bottle, 1 litre",Bottle
1,1,Plastic Bottles 1 Litre,Plastic Bottles 1 Litre,Bottle
1,1,Plastic Container,Plastic Container,EACHch
1,1,Plastic Container 3ml,Plastic Container 3ml,
1,1,Plastic pipette 25ml ,Plastic pipette 25ml ,EACHch
1,1,Plastic Racks,Plastic Racks,EACHch
1,1,Pleural Aspiration kit,Pleural Aspiration kit,EACHch
1,1,Ploto Meter Lamp,Ploto Meter Lamp,EACHch
1,1,Polyethyline glycol,Polyethyline glycol,Bottle
1,1,"Polypropylene Screw Cap 14mls, Box of 150","Polypropylene Screw Cap 14mls, Box of 150",BOX
1,1,Polypropylene Screw Cup 500mls ,Polypropylene Screw Cup 500mls ,Bottle
1,1,Polypropylene screw-cap 2ml,Polypropylene screw-cap 2ml,BOX
1,1,Polysorbate 80,Polysorbate 80,EACHch
1,1,Polystrene Tube 14ML,Polystrene Tube 14ML,EACHch
1,1,Polystyrene Round Bottom Tube 5ml,Polystyrene Round Bottom Tube 5ml,EACHch
1,1,Polythylene cups 12mm,Polythylene cups 12mm,EACHch
1,1,Potasium Monobesic,Potasium Monobesic,Bottle
1,1,Potasium phosphate,Potasium phosphate,Bottle
1,1,Potasium Phosphate Anhydrous,Potasium Phosphate Anhydrous,EACHch
1,1,Potassium Bicarbonate,Potassium Bicarbonate,EACHch
1,1,Potassium Chloride,Potassium Chloride,Bottle
1,1,Potassium chloride injection,Potassium chloride injection,Bottle
1,1,Potassium dihydrogen phosphate ,Potassium dihydrogen phosphate ,Bottle
1,1,Potassium Hydrogen Phosphate,Potassium Hydrogen Phosphate,EACHch
1,1,Potassium Phosphate Monobasic (100g),Potassium Phosphate Monobasic (100g),EACHch
1,1,PRC Purification,PRC Purification,EACHch
1,1,Pre-filter hytrex c x 5/R011046,Pre-filter hytrex c x 5/R011046,EACHch
1,1,Preparation filters,Preparation filters,EACHch
1,1,Pre-Treatment catridge,Pre-Treatment catridge,EACHch
1,1,Probe covers,Probe covers,EACHch
1,1,Probe rinse-,Probe rinse-,EACHch
1,1,Protein LoBind tubes 0.5ml,Protein LoBind tubes 0.5ml,PACK
1,1,Protein LoBind Tubes 2ml,Protein LoBind Tubes 2ml,PACK
1,1,Proteinase K,Proteinase K,EACHch
1,1,Proteinase K 2ml,Proteinase K 2ml,PACK
1,1,"Ptri Dish Plastic, Box /480","Ptri Dish Plastic, Box /480",BOX
1,1,Pump Tubing Red 651870,Pump Tubing Red 651870,EACHch
1,1,PVC Film,PVC Film,EACHch
1,1,Q1agen plasmid Max kt,Q1agen plasmid Max kt,EACHch
1,1,Q1amp DNA Mini Kit,Q1amp DNA Mini Kit,PACK
1,1,Q1amp UCP pathogen mini kit,Q1amp UCP pathogen mini kit,EACHch
1,1,Q1aprep Spin Miniprep kit,Q1aprep Spin Miniprep kit,EACHch
1,1,Q1asymphony DSP Virus,Q1asymphony DSP Virus,EACHch
1,1,QIAamp Fast DNA Stool mini kit (50 preps),QIAamp Fast DNA Stool mini kit (50 preps),PACK
1,1,QiaAmp MinElute virus spin pack of 50,QiaAmp MinElute virus spin pack of 50,PACK
1,1,QIAMP DNA Blood Min kit,QIAMP DNA Blood Min kit,EACHch
1,1,Qiamp fast DNA min kit stool,Qiamp fast DNA min kit stool,EACHch
1,1,QIAMP One for All,QIAMP One for All,EACHch
1,1,QIAMP VCP Pathogen min kit,QIAMP VCP Pathogen min kit,EACHch
1,1,QIAMP Viral RNA 250,QIAMP Viral RNA 250,EACHch
1,1,QIAMP Viral RNA Mini kit,QIAMP Viral RNA Mini kit,EACHch
1,1,Qiaplate Holder,Qiaplate Holder,EACHch
1,1,QIAsymphony DNA min kit,QIAsymphony DNA min kit,EACHch
1,1,QIAsymphony DSP virus Pathogen Min Kit,QIAsymphony DSP virus Pathogen Min Kit,EACHch
1,1,Quanti Tray,Quanti Tray,EACHch
1,1,Qubit Assy tubes,Qubit Assy tubes,EACHch
1,1,Qubit DNA Assay kit,Qubit DNA Assay kit,PACK
1,1,Quibit Assay Tubes,Quibit Assay Tubes,PACK
1,1,R nase free water,R nase free water,EACHch
1,1,Rack,Rack,EACHch
1,1,Racked tip 100ul,Racked tip 100ul,BOX
1,1,Racked tip 10ul,Racked tip 10ul,BOX
1,1,Racked tip 30ul,Racked tip 30ul,BOX
1,1,Ranferon,Ranferon,EACHch
1,1,Rapid Flow Filter 500ml,Rapid Flow Filter 500ml,EACHch
1,1,Rappaport - Vassiliadis 500g,Rappaport - Vassiliadis 500g,Bottle
1,1,RBC Lyse Buffer,RBC Lyse Buffer,Bottle
1,1,Reaction Card,Reaction Card,EACHch
1,1,Reagent bottle 1000ml,Reagent bottle 1000ml,Bottle
1,1,Reagent bottle 500ml,Reagent bottle 500ml,Bottle
1,1,Reagent Cartridge holder,Reagent Cartridge holder,EACHch
1,1,Reagent Probe,Reagent Probe,EACHch
1,1,Reagent Reservoir,Reagent Reservoir,EACHch
1,1,Red cup surgical blood collector Vacuum tube,Red cup surgical blood collector Vacuum tube,PACK
1,1,Red Top 2ml,Red Top 2ml,BOX
1,1,Red Top 6ml,Red Top 6ml,BOX
1,1,Red top tubes 4ml-Box of 100,Red top tubes 4ml-Box of 100,BOX
1,1,Red tubes 10ml-Box of 100,Red tubes 10ml-Box of 100,BOX
1,1,Ribbed Skirted Tube 2.0 ml,Ribbed Skirted Tube 2.0 ml,BOX
1,1,Rim Gasket (Pack of 20),Rim Gasket (Pack of 20),PACK
1,1,Ringers Solutions - 500ml Bottle,Ringers Solutions - 500ml Bottle,Bottle
1,1,RNA Bacteria Reagent,RNA Bacteria Reagent,EACHch
1,1,RNA Later Solution (Bottle of 500ml),RNA Later Solution (Bottle of 500ml),Bottle
1,1,RNA Mini Kit,RNA Mini Kit,Bottle
1,1,RNA Mini Kit,RNA Mini Kit,PACK
1,1,RNA Stabilization Reagent,RNA Stabilization Reagent,EACHch
1,1,Rnase Away,Rnase Away,EACHch
1,1,Rnease Mini kit - (Micro kit),Rnease Mini kit - (Micro kit),EACHch
1,1,Rohren Tube,Rohren Tube,EACHch
1,1,Roller Mixture,Roller Mixture,EACHch
1,1,Roller Tubing Pkt of 2,Roller Tubing Pkt of 2,PACK
1,1,Rota strips,Rota strips,EACHch
1,1,Rotor 24*75mm,Rotor 24*75mm,EACHch
1,1,Rubber tubing,Rubber tubing,EACHch
1,1,S - pack white,S - pack white,EACHch
1,1,S Blocks,S Blocks,EACHch
1,1,S Manovet,S Manovet,EACHch
1,1,Sabouraud Dextrose Agar 500 gr,Sabouraud Dextrose Agar 500 gr,Bottle
1,1,Sabutamol Nebuliser Solution(5mg/2.5ml),Sabutamol Nebuliser Solution(5mg/2.5ml),EACHch
1,1,Safeseal Microtube 2ml (Pack of 250),Safeseal Microtube 2ml (Pack of 250),PACK
1,1,Safety Box,Safety Box,EACHch
1,1,Safety Cover Black,Safety Cover Black,EACHch
1,1,Safety gloves cryogenic vials,Safety gloves cryogenic vials,EACHch
1,1,Safety Lancet,Safety Lancet,EACHch
1,1,Safranin Concentrate (100ml),Safranin Concentrate (100ml),Bottle
1,1,Safranin Concetrate 250ml,Safranin Concetrate 250ml,EACHch
1,1,Saline with Beads,Saline with Beads,EACHch
1,1,Salmonella ABC (Bottle of 500g),Salmonella ABC (Bottle of 500g),Bottle
1,1,Sample Cap,Sample Cap,EACHch
1,1,Sample Cooler Box,Sample Cooler Box,EACHch
1,1,sample cups,sample cups,EACHch
1,1,Sample Prep Catridge,Sample Prep Catridge,EACHch
1,1,Sample Probe,Sample Probe,EACHch
1,1,Sampling Bag (Box of 500),Sampling Bag (Box of 500),BOX
1,1,Saponin,Saponin,EACHch
1,1,Screw caps for tubes 2ml,Screw caps for tubes 2ml,BOX
1,1,Sealing film,Sealing film,EACHch
1,1,Select Mark Compound write,Select Mark Compound write,EACHch
1,1,Select Mark Permanent Visible Marking,Select Mark Permanent Visible Marking,EACHch
1,1,Select pre-treat,Select pre-treat,EACHch
1,1,Select puripac 8,Select puripac 8,EACHch
1,1,Select puripac PP8 machine,Select puripac PP8 machine,EACHch
1,1,Selectivity check,Selectivity check,EACHch
1,1,Selenite broth base,Selenite broth base,Bottle
1,1,Selenite Cystine Broth,Selenite Cystine Broth,BOX
1,1,Sensititre Myco TB Kit (Pack of 12),Sensititre Myco TB Kit (Pack of 12),PACK
1,1,Separation Unit Rack,Separation Unit Rack,EACHch
1,1,Serafol ABO+D,Serafol ABO+D,EACHch
1,1,Serelogical pipette 10ml,Serelogical pipette 10ml,EACHch
1,1,Serelogical pipette 5ml,Serelogical pipette 5ml,BOX
1,1,Serelogical pipette 5ml,Serelogical pipette 5ml,BOX
1,1,Serogical Pipette (50ml),Serogical Pipette (50ml),PACK
1,1,Serological gasing pipette 2ml ,Serological gasing pipette 2ml ,BOX
1,1,Serological pipette 10ml-Pack of 50,Serological pipette 10ml-Pack of 50,PACK
1,1,Serological Pipette 25ml ,Serological Pipette 25ml ,EACHch
1,1,Serological pipette 2ml-Pack of 100,Serological pipette 2ml-Pack of 100,PACK
1,1,Serological Pipette 5ml,Serological Pipette 5ml,PACK
1,1,Serum separation 1.3ml,Serum separation 1.3ml,EACHch
1,1,"Sharp Bin, Large (22 Litres)","Sharp Bin, Large (22 Litres)",EACHch
1,1,"Sharp Bin, Medium (6 Litres)","Sharp Bin, Medium (6 Litres)",EACHch
1,1,"Sharp Bin, Small (2.5 Litres)","Sharp Bin, Small (2.5 Litres)",EACHch
1,1,Sharp Bins 2L,Sharp Bins 2L,EACHch
1,1,Sharps boxes,Sharps boxes,EACHch
1,1,Sheath fluid,Sheath fluid,Bottle
1,1,Sheep Blood Agar Base,Sheep Blood Agar Base,Bottle
1,1,Sheep blood argar,Sheep blood argar,Bottle
1,1,Sickle Scan,Sickle Scan,EACHch
1,1,Sigma trans swabs,Sigma trans swabs,EACHch
1,1,Silica gel,Silica gel,EACHch
1,1,Silicone Resuscitator,Silicone Resuscitator,EACHch
1,1,Skim Milk Powder(500g),Skim Milk Powder(500g),BOX
1,1,Slide draining racks,Slide draining racks,EACHch
1,1,Slide keeping boxes,Slide keeping boxes,EACHch
1,1,Slide Mailer,Slide Mailer,EACHch
1,1,Sodium Acetate,Sodium Acetate,EACHch
1,1,Sodium Acetate anhydrous,Sodium Acetate anhydrous,EACHch
1,1,Sodium Bicarbonate ,Sodium Bicarbonate ,EACHch
1,1,Sodium Bi-Selenite,Sodium Bi-Selenite,Bottle
1,1,Sodium Carbonate Anhydrous,Sodium Carbonate Anhydrous,EACHch
1,1,Sodium Chloride,Sodium Chloride,EACHch
1,1,Sodium chloride Analar,Sodium chloride Analar,Bottle
1,1,sodium chloride analar normapur,sodium chloride analar normapur,Bottle
1,1,Sodium Chloride Crystalline,Sodium Chloride Crystalline,Bottle
1,1,Sodium Citrate Monobesic,Sodium Citrate Monobesic,EACHch
1,1,Sodium Deoxycholate,Sodium Deoxycholate,EACHch
1,1,sodium dihydrogen phosphate 250g dihydrate,sodium dihydrogen phosphate 250g dihydrate,Bottle
1,1,Sodium dodecyl sulfate,Sodium dodecyl sulfate,EACHch
1,1,Sodium Heparin 4ml (Pack of 100),Sodium Heparin 4ml (Pack of 100),PACK
1,1,Sodium Hydroxide Solution,Sodium Hydroxide Solution,Bottle
1,1,Sodium phosphate,Sodium phosphate,Bottle
1,1,Sodium sulphate,Sodium sulphate,Bottle
1,1,Sodium Vacutainer 4.5ml (Pack of 100),Sodium Vacutainer 4.5ml (Pack of 100),PACK
1,1,Soft Ject,Soft Ject,EACHch
1,1,Spatula,Spatula,EACHch
1,1,Specimen bags,Specimen bags,EACHch
1,1,Spectrophotometer Cuvette (Pack of 100),Spectrophotometer Cuvette (Pack of 100),PACK
1,1,Spex Sample Prep,Spex Sample Prep,Bottle
1,1,Spinal manometer,Spinal manometer,EACHch
1,1,Spinal SCD pics,Spinal SCD pics,EACHch
1,1,Sponge Stick (pack of 25),Sponge Stick (pack of 25),PACK
1,1,Spot Indole Reagent,Spot Indole Reagent,EACHch
1,1,Spray Bottle trigger,Spray Bottle trigger,EACHch
1,1,Sputum Collection Bottle,Sputum Collection Bottle,EACHch
1,1,Sputum Container,Sputum Container,EACHch
1,1,Sputum Cup 80mls,Sputum Cup 80mls,EACHch
1,1,SST Closure 16mm,SST Closure 16mm,PACK
1,1,SST Tube 5ml (Pack of 100),SST Tube 5ml (Pack of 100),PACK
1,1,SST Tube 8.5ml (Pack of 100),SST Tube 8.5ml (Pack of 100),PACK
1,1,SST Tube 8ml pack of 100,SST Tube 8ml pack of 100,PACK
1,1,Staining jar,Staining jar,EACHch
1,1,Staining racks,Staining racks,EACHch
1,1,Stainless Steel Box,Stainless Steel Box,EACHch
1,1,Star store 81 place,Star store 81 place,EACHch
1,1,Stawing box 10ul,Stawing box 10ul,BOX
1,1,Steel Autoclave,Steel Autoclave,EACHch
1,1,Sterile 200ul Aetosol tips,Sterile 200ul Aetosol tips,PACK
1,1,Sterile Filter Pipettes,Sterile Filter Pipettes,EACHch
1,1,Sterile Filter Tips 1-10ul,Sterile Filter Tips 1-10ul,BOX
1,1,Sterile Filter Tips 20-200ul,Sterile Filter Tips 20-200ul,BOX
1,1,Sterile Filter Tips 2-30ul,Sterile Filter Tips 2-30ul,BOX
1,1,Sterile Loops,Sterile Loops,EACHch
1,1,Sterile Tape (Lab),Sterile Tape (Lab),ROLL
1,1,Sterile Tissue Culture Tube,Sterile Tissue Culture Tube,EACHch
1,1,Stirring rod,Stirring rod,EACHch
1,1,Stomach tube,Stomach tube,EACHch
1,1,Stomacher,Stomacher,EACHch
1,1,Stool collection bottle (50pc),Stool collection bottle (50pc),EACHch
1,1,Stool Mini Kit,Stool Mini Kit,BOX
1,1,stopper,stopper,EACHch
1,1,Storage Box,Storage Box,EACHch
1,1,Storage box cardboard,Storage box cardboard,EACHch
1,1,Strip Tubes & Caps 0.1ml,Strip Tubes & Caps 0.1ml,Bottle
1,1,Sucrose,Sucrose,EACHch
1,1,Sucrose Diatabs,Sucrose Diatabs,EACHch
1,1,Sucrose Reagent ACS,Sucrose Reagent ACS,EACHch
1,1,Sulphadoxine 500mg,Sulphadoxine 500mg,Bottle
1,1,Summery forms,Summery forms,EACHch
1,1,Superior Comfort Coat,Superior Comfort Coat,EACHch
1,1,Superior Sleeve Protection,Superior Sleeve Protection,EACHch
1,1,Supor 0.45UM,Supor 0.45UM,Bottle
1,1,Supor 0.8mm,Supor 0.8mm,Bottle
1,1,Swab collection tubes,Swab collection tubes,EACHch
1,1,Swab Sampler (Pack of 100),Swab Sampler (Pack of 100),PACK
1,1,Swab stick,Swab stick,EACHch
1,1,Swabs Cotton for sensitivity (box of 500),Swabs Cotton for sensitivity (box of 500),BOX
1,1,Swabs non woven,Swabs non woven,PACK
1,1,Sweet Jar,Sweet Jar,EACHch
1,1,Syphillis Test Device,Syphillis Test Device,PACK
1,1,Syringe 50ml box of 60 (lab),Syringe 50ml box of 60 (lab),BOX
1,1,System Calibration,System Calibration,EACHch
1,1,TAE Ultra Pure,TAE Ultra Pure,EACHch
1,1,Tape medical,Tape medical,EACHch
1,1,TBE Buffer,TBE Buffer,EACHch
1,1,TBX Medium (Bottle of 500ml),TBX Medium (Bottle of 500ml),Bottle
1,1,TC Flask 25ml,TC Flask 25ml,PACK
1,1,TC Flask Plug cup 75cm,TC Flask Plug cup 75cm,EACHch
1,1,TC flask vented 75cm ,TC flask vented 75cm ,EACHch
1,1,TC Tube 12*75mm,TC Tube 12*75mm,EACHch
1,1,TCBS Agar,TCBS Agar,Bottle
1,1,TCBS Cholera  medium,TCBS Cholera  medium,EACHch
1,1,TE Buffer PH 8.0,TE Buffer PH 8.0,EACHch
1,1,Teflon Syringe Filter 4mm (Pack of 100),Teflon Syringe Filter 4mm (Pack of 100),PACK
1,1,Temperature Probe,Temperature Probe,EACHch
1,1,Tesoxibase,Tesoxibase,Bottle
1,1,Test Oxidase,Test Oxidase,Bottle
1,1,Test Tube 18x180,Test Tube 18x180,PACK
1,1,Test tube 50*10,Test tube 50*10,EACHch
1,1,Test tube brush,Test tube brush,EACHch
1,1,Test tube brush-large,Test tube brush-large,EACHch
1,1,Test tube caps - 12pc,Test tube caps - 12pc,PACK
1,1,test Tube Checker,test Tube Checker,EACHch
1,1,Tetramethyl Dihydrochrolide,Tetramethyl Dihydrochrolide,EACHch
1,1,Thermo PCR Film,Thermo PCR Film,EACHch
1,1,Timer and clock,Timer and clock,EACHch
1,1,Timer count down digital,Timer count down digital,EACHch
1,1,Tips for pipetman 500ul,Tips for pipetman 500ul,BOX
1,1,Tissue Culture Flask 175ml,Tissue Culture Flask 175ml,EACHch
1,1,Todd Hewitt Broth (500g),Todd Hewitt Broth (500g),EACHch
1,1,Top filter 50ml,Top filter 50ml,BOX
1,1,Torniquets,Torniquets,EACHch
1,1,Total Immersion thermometer,Total Immersion thermometer,EACHch
1,1,Trans Swabs,Trans Swabs,PACK
1,1,"Transport Culture Swab, Box/50","Transport Culture Swab, Box/50",BOX
1,1,Travel First Aid ,Travel First Aid ,EACHch
1,1,Tray Holder,Tray Holder,EACHch
1,1,TRAY Plastic,TRAY Plastic,EACHch
1,1,Trinton X,Trinton X,Bottle
1,1,Triple Sugar Iron Agar,Triple Sugar Iron Agar,EACHch
1,1,Tris Edta Buffer Solution (Bottle of 500g),Tris Edta Buffer Solution (Bottle of 500g),Bottle
1,1,Tris PH 8.0,Tris PH 8.0,EACHch
1,1,Tris Solution,Tris Solution,Bottle
1,1,Triton,Triton,EACHch
1,1,Trizima base,Trizima base,EACHch
1,1,Trizol Reagent,Trizol Reagent,EACHch
1,1,Trypan blue stain,Trypan blue stain,EACHch
1,1,Tryptone Soya Broth,Tryptone Soya Broth,EACHch
1,1,Tryptone Soya Sugar,Tryptone Soya Sugar,EACHch
1,1,TST Control Indicator,TST Control Indicator,EACHch
1,1,Tubes 1ml,Tubes 1ml,BOX
1,1,Tween 20,Tween 20,EACHch
1,1,Tween 80,Tween 80,EACHch
1,1,Tweezers,Tweezers,EACHch
1,1,Tyloxapol  (Pkt of 100),Tyloxapol  (Pkt of 100),PACK
1,1,Type F Immersion Liquid 10ml,Type F Immersion Liquid 10ml,EACHch
1,1,Typtic Soya Agar,Typtic Soya Agar,EACHch
1,1,Ultra pure water,Ultra pure water,EACHch
1,1,Ultrasonic Gel,Ultrasonic Gel,EACHch
1,1,Umberical cord clump,Umberical cord clump,PACK
1,1,Universal bottle,Universal bottle,Bottle
1,1,Universal container 30ml,Universal container 30ml,EACHch
1,1,Universal Container 6ml,Universal Container 6ml,EACHch
1,1,Universal Filter Tips 100ul,Universal Filter Tips 100ul,PACK
1,1,Universal Rack,Universal Rack,EACHch
1,1,Urea Agar Base,Urea Agar Base,Bottle
1,1,URI Select,URI Select,EACHch
1,1,Urine Dip Sack (Pack of 100),Urine Dip Sack (Pack of 100),PACK
1,1,UTM 1ml,UTM 1ml,EACHch
1,1,UTM 3ml,UTM 3ml,EACHch
1,1,Vacutainer Holder,Vacutainer Holder,EACHch
1,1,Vacuum Corning filter 500ml 0.22um,Vacuum Corning filter 500ml 0.22um,EACHch
1,1,Vacuum Filter Corning 50ml ,Vacuum Filter Corning 50ml ,EACHch
1,1,Vacuum Seals,Vacuum Seals,EACHch
1,1,Vacuum Tube 50mls,Vacuum Tube 50mls,EACHch
1,1,Venisystems Extension set,Venisystems Extension set,EACHch
1,1,Ventine Subculture Units,Ventine Subculture Units,EACHch
1,1,Victoria Blue R,Victoria Blue R,EACHch
1,1,Viral RNA mini kit,Viral RNA mini kit,EACHch
1,1,Virkon Disinfectant,Virkon Disinfectant,EACHch
1,1,Virus Pathogen Min kit,Virus Pathogen Min kit,PACK
1,1,Vycon,Vycon,EACHch
1,1,Wash Bottle,Wash Bottle,EACHch
1,1,Wash Proof Plaster,Wash Proof Plaster,PACK
1,1,Wash Solution,Wash Solution,Bottle
1,1,Water for Cell Culture,Water for Cell Culture,EACHch
1,1,Water PCR Reagent,Water PCR Reagent,EACHch
1,1,Wax Ribbon Zebra,Wax Ribbon Zebra,EACHch
1,1,Weartech Safety Boot/Croc.,Weartech Safety Boot/Croc.,EACHch
1,1,Weenpack Filter 0.2um,Weenpack Filter 0.2um,EACHch
1,1,Weighing boat,Weighing boat,EACHch
1,1,Well Plate NON Skirted 96,Well Plate NON Skirted 96,BOX
1,1,Whatman Filter Paper Disk,Whatman Filter Paper Disk,EACHch
1,1,Whatman filter paper No.1 (100 pc),Whatman filter paper No.1 (100 pc),BOX
1,1,Wire loops 3.3ul,Wire loops 3.3ul,BOX
1,1,Wright Stain 500ml,Wright Stain 500ml,Bottle
1,1,X.L.D Medium,X.L.D Medium,EACHch
1,1,X-clear advanvced polyolefin,X-clear advanvced polyolefin,EACHch
1,1,XLD Agar,XLD Agar,Bottle
1,1,XLD Media,XLD Media,Bottle
1,1,XLD medium,XLD medium,Bottle
1,1,Yeast Extract (250g),Yeast Extract (250g),EACHch
1,1,Yellow bag large,Yellow bag large,Bottle
1,1,Yellow Bag Large -Roll of 25,Yellow Bag Large -Roll of 25,ROLL
1,1,Yellow bag Medium,Yellow bag Medium,EACHch
1,1,Yellow Bags Extra large- Roll of 25,Yellow Bags Extra large- Roll of 25,ROLL
1,1,Yellow Bags-Small,Yellow Bags-Small,EACHch
1,1,Yellow Celtape,Yellow Celtape,EACHch
1,1,Yellow pipette sterile 200ul,Yellow pipette sterile 200ul,BOX
1,1,Yellow tips 200ul - pack of 100,Yellow tips 200ul - pack of 100,PACK
1,1,Yellow Tips 200ul-Box of 500,Yellow Tips 200ul-Box of 500,BOX
1,1,Yellow Top 6ml,Yellow Top 6ml,BOX
1,1,Zebra Bar Code,Zebra Bar Code,EACHch
1,1,Zip Lock Bag,Zip Lock Bag,PACK
1,1,Zirconia Silicate,Zirconia Silicate,EACHch
1,1,ACT 5 DIFF DILUENT,ACT 5 DIFF DILUENT,EACHCH
1,1,ACT 5 DIFF FIX,ACT 5 DIFF FIX,EACHCH
1,1,AU480 CUVETTES,AU480 CUVETTES,EACHCH
1,1,AU480 REAGENT PROBE,AU480 REAGENT PROBE,EACHCH
1,1,AU480 SAMPLE PROBE,AU480 SAMPLE PROBE,EACHCH
1,1,BICARBONATE CALIBRATOR,BICARBONATE CALIBRATOR,EACHCH
1,1,BICARBONATE CALIBRATOR,BICARBONATE CALIBRATOR,EACHCH
1,1,CHLORIDE ELECTRODE,CHLORIDE ELECTRODE,EACHCH
1,1,DECONTAMINATION SOLUTION,DECONTAMINATION SOLUTION,Bottle
1,1,ELGA LAMP,ELGA LAMP,EACHCH
1,1,FACS ROLL,FACS ROLL,Roll
1,1,HIV DETERMINE,HIV DETERMINE,roll
1,1,HYPOCHLORITE SOLUTION,HYPOCHLORITE SOLUTION,Bottle
1,1,ISE BUFFER,ISE BUFFER,EACHCH
1,1,ISE MID STANDARD,ISE MID STANDARD,EACHCH
1,1,ISE REFERENCE,ISE REFERENCE,EACHCH
1,1,ISE REFERENCE,ISE REFERENCE,EACHCH
1,1,ISE TUBE SET,ISE TUBE SET,EACHCH
1,1,ISE/INTERNAL REFERENCE,ISE/INTERNAL REFERENCE,EACHCH
1,1,K+ ELECTRODE,K+ ELECTRODE,EACHCH
1,1,MIXING BAR L SHAPE,MIXING BAR L SHAPE,EACHCH
1,1,MIXING BAR SPIRAL,MIXING BAR SPIRAL,EACHCH
1,1,NA ELECTRODE,NA ELECTRODE,EACHCH
1,1,PHOTOMETER LAMP,PHOTOMETER LAMP,EACHCH
1,1,PINCH VALVE,PINCH VALVE,EACHCH
1,1,PREFILTER HYTREX,PREFILTER HYTREX,EACHCH
1,1,ROHREN TUBES,ROHREN TUBES,EACHch
1,1,ROLLER TUBING,ROLLER TUBING,EACHCH
1,1,SAMPLE CUPS,SAMPLE CUPS,EACHCH
1,1,SHEATH FLUID PARTEC,SHEATH FLUID PARTEC,Bottle
1,1,SYSMEX CLEANING SOLUTION,SYSMEX CLEANING SOLUTION,Botle
1,1,TRINITY UNIGOLD HIV,TRINITY UNIGOLD HIV,Bottle
1,1,WASH SOLUTION,WASH SOLUTION,EACHCH
1,1,"CONTROL SERUM, LEVEL 1, 20 X 5ML","CONTROL SERUM, LEVEL 1, 20 X 5ML",EACHCH
1,1,"CONTROL SERUM, LEVEL 2, 20 X 5ML","CONTROL SERUM, LEVEL 2, 20 X 5ML",EACHCH
1,1,"UREA, R1 4 X 25 ML, R2 4 X 25ML","UREA, R1 4 X 25 ML, R2 4 X 25ML",EACHCH
1,1,"URINARY  CSF/PROTEIN, R1 4 X 19 ML, 1 X 3ML (CAL)","URINARY  CSF/PROTEIN, R1 4 X 19 ML, 1 X 3ML (CAL)",EACHCH/SET
1,1,"ACT 5 DIFF CONTROLS, LOW, NORMAL, HIGH, 2 X 25 ML","ACT 5 DIFF CONTROLS, LOW, NORMAL, HIGH, 2 X 25 ML",KIT
1,1,DXH 500 CONTROL 2 X 2.3 ML,DXH 500 CONTROL 2 X 2.3 ML,Set
1,1,"BICARBONATE, R1 4 X 25 ML","BICARBONATE, R1 4 X 25 ML",EACHCH
1,1,"ALBUMIN, R1 4 X 29 ML","ALBUMIN, R1 4 X 29 ML",EACHCH
1,1,"SYSTEM CALIBRATOR, 20 X 5 ML","SYSTEM CALIBRATOR, 20 X 5 ML",EACHCH
1,1,"TOTAL CHOLESTEROL, R1 4 X 2.25 ML","TOTAL CHOLESTEROL, R1 4 X 2.25 ML",EACHCH
1,1,"SYNCHRON CONTROLS, L1, L2,L3, 2  X 20 ML","SYNCHRON CONTROLS, L1, L2,L3, 2  X 20 ML",EACHCH
1,1,CD4 EASY COUNT COUNT KIT,CD4 EASY COUNT COUNT KIT,PER KIT
1,1,"TOTAL BILIRUBIN, R1 4 X 15 ML, R1 4 X 15 ML","TOTAL BILIRUBIN, R1 4 X 15 ML, R1 4 X 15 ML",EACHCH/SET
1,1,"URINARY  CSF/PROTEIN, R1 4 X 19 ML, 1 X 3ML (CAL)","URINARY  CSF/PROTEIN, R1 4 X 19 ML, 1 X 3ML (CAL)",EACHCH/SET
1,1,"AST, R1  4 X 6 ML, R2 4 X 6 ML","AST, R1  4 X 6 ML, R2 4 X 6 ML",EACHCH
1,1,"DIRECT BILIRUBIN, R1 4 X 6 ML, R1 4 X 6 ML","DIRECT BILIRUBIN, R1 4 X 6 ML, R1 4 X 6 ML",EACHCH/SET
1,1,"TOTAL PROTEIN, R1 4 X 25 ML, R2 4 X 25 ML","TOTAL PROTEIN, R1 4 X 25 ML, R2 4 X 25 ML",EACHCH/SET
1,1,"GGT, R1 4 X 18 ML, R2 4 X 18 ML","GGT, R1 4 X 18 ML, R2 4 X 18 ML",EACHCH/SET
1,1,"TOTAL BILIRUBIN, R1 4 X 15 ML, R1 4 X 15 ML","TOTAL BILIRUBIN, R1 4 X 15 ML, R1 4 X 15 ML",EACHCH/SET
1,1,"DIRECT BILIRUBIN, R1 4 X 6 ML, R1 4 X 6 ML","DIRECT BILIRUBIN, R1 4 X 6 ML, R1 4 X 6 ML",EACHCH/SET
1,1,"CONTROL SERUM, LEVEL 1, 20 X 5ML","CONTROL SERUM, LEVEL 1, 20 X 5ML",EACHCH
1,1,"CONTROL SERUM, LEVEL 2, 20 X 5ML","CONTROL SERUM, LEVEL 2, 20 X 5ML",EACHCH
1,1,"ALT, R1 4 X 12 ML, R2  4 X 6 ML","ALT, R1 4 X 12 ML, R2  4 X 6 ML",EACHCH/SET
1,1,"UREA, R1 4 X 25 ML, R2 4 X 25ML","UREA, R1 4 X 25 ML, R2 4 X 25ML",EACHCH
1,1,"UREA, R1 4 X 25 ML, R2 4 X 25ML","UREA, R1 4 X 25 ML, R2 4 X 25ML",EACHCH
1,1,HBA1C,HBA1C,EACHCH
1,1,"ALT, R1 4 X 12 ML, R2  4 X 6 ML","ALT, R1 4 X 12 ML, R2  4 X 6 ML",EACHCH/SET
1,1,"ITA CONTROL SERUM, LEVEL 3","ITA CONTROL SERUM, LEVEL 3",EACHCH
1,1,SERUM PROTEIN MULTI CALIBRATOR,SERUM PROTEIN MULTI CALIBRATOR,EACHCH
1,1,DXH 500 CONTROL 2 X 2.3 ML,DXH 500 CONTROL 2 X 2.3 ML,SEt
1,1,"CREATININE, R1 4 X 45 ML, R2 4 X 15 ML","CREATININE, R1 4 X 45 ML, R2 4 X 15 ML",EACHCH/SET
1,1,"GLUCOSE, R1 4 X 25 ML, R2 4 X 12.5 ML","GLUCOSE, R1 4 X 25 ML, R2 4 X 12.5 ML",EACHCH
1,1,"TOTAL PROTEIN, R1 4 X 25 ML, R2 4 X 25 ML","TOTAL PROTEIN, R1 4 X 25 ML, R2 4 X 25 ML",EACHCH/SET
1,1,"GLUCOSE, R1 4 X 25 ML, R2 4 X 12.5 ML","GLUCOSE, R1 4 X 25 ML, R2 4 X 12.5 ML",EACHCH/SET
1,1," LDH R1 4 X 40 ML, R2 4 X 20 ML"," LDH R1 4 X 40 ML, R2 4 X 20 ML",EACHCH
1,1,"SYSTEM CALIBRATOR, 20 X 5 ML","SYSTEM CALIBRATOR, 20 X 5 ML",EACHCH
1,1,HBA1C CONTROLS,HBA1C CONTROLS,EACHCH
1,1,SYNCHRONE HEMOLYTIC REAGENT,SYNCHRONE HEMOLYTIC REAGENT,EACHCH
1,1,"TOTAL CHOLESTEROL, R1 4 X 2.25 ML","TOTAL CHOLESTEROL, R1 4 X 2.25 ML",EACHch'
1,1,"CREATININE, R1 4 X 45 ML, R2 4 X 15 ML","CREATININE, R1 4 X 45 ML, R2 4 X 15 ML",EACHCH/SET
1,1,DXH 500 CONTROL 2 X 2.3 ML,DXH 500 CONTROL 2 X 2.3 ML,SET
1,1,WASH SOLUTION,WASH SOLUTION,EACHCH
1,1,ISE BUFFER 4 X 2000 ML,ISE BUFFER 4 X 2000 ML,EACHCH
1,1,ISE LOW SERUM STANDARD 4X 100 ML,ISE LOW SERUM STANDARD 4X 100 ML,EACHCH
1,1,ACT 5DIFF FIX,ACT 5DIFF FIX,EACHCH
1,1,ACT 5DIFF FIX,ACT 5DIFF FIX,EACHCH
1,1,BICARBONATE CALIBRATOR,BICARBONATE CALIBRATOR,EACHCH
1,1,ACT 5DIFF RINSE,ACT 5DIFF RINSE,EACHCH
1,1,ISE BUFFER 4 X 2000 ML,ISE BUFFER 4 X 2000 ML,EACHCH
1,1,ACT 5DIFF HgB LYSE,ACT 5DIFF HgB LYSE,EACHCH
1,1,ACT 5DIFF WBC LYSE,ACT 5DIFF WBC LYSE,EACHCH
1,1,ACT 5DIFF FIX,ACT 5DIFF FIX,EACHCH
1,1,ISE NA/K SELECTIVITY CHECK,ISE NA/K SELECTIVITY CHECK,EACHCH
1,1,ISE HIGH SERUM STANDARD 4 X 100 ML,ISE HIGH SERUM STANDARD 4 X 100 ML,EACHCH
1,1,DxH 500 Series Lyse,DxH 500 Series Lyse,EACHCH
1,1,ISE MID STANDARD 4 X 2000 ML,ISE MID STANDARD 4 X 2000 ML,EACHCH
1,1,DETERMINE HIV-1/2 SET,DETERMINE HIV-1/2 SET,EACHCH
1,1,UNI-GOLD HIV COMPLETE,UNI-GOLD HIV COMPLETE,EACHCH
